{
  "Qwen 2.5 3B": {
    "model_name": "Qwen 2.5 3B",
    "n_params": 3000000000.0,
    "n_layers": 37,
    "label_source": "rouge",
    "fisher_computed": true,
    "source": "HaluEval Job A",
    "J_per_layer": [
      45.194698392202966,
      46.62869797840198,
      46.54250540196289,
      47.75715669887449,
      49.11724818230652,
      49.908610480014126,
      49.06743509282788,
      49.354935950513024,
      48.69486142683616,
      47.71021583803371,
      47.31955191586623,
      47.52552652943395,
      46.875333336793844,
      48.374196539273335,
      48.74932623596349,
      49.02499769233754,
      48.73241148513278,
      49.04441946318651,
      49.218109811208386,
      49.563568220762406,
      49.58284572823404,
      49.59644487832369,
      50.30182122202599,
      50.551074598889855,
      50.725060562992404,
      52.15010303717306,
      51.522192072381166,
      50.64087786999014,
      50.024365024341805,
      49.89684650138598,
      49.57315669371228,
      48.76109334427312,
      48.497756449659875,
      48.38245212001239,
      47.813090800188625,
      48.31174468328281,
      44.83066014730838
    ],
    "auroc_bound_per_layer": [
      0.999612187799424,
      0.9996802229809308,
      0.9996764972381246,
      0.9997251877711392,
      0.9997709964124784,
      0.9997940201724252,
      0.9997694631345855,
      0.999778172101651,
      0.9997576616574549,
      0.9997234512510605,
      0.9997085624957184,
      0.9997165106677112,
      0.9996906463462795,
      0.9997470171452246,
      0.9997594241894918,
      0.9997681487149052,
      0.9997588782018121,
      0.9997687512041622,
      0.9997740695581034,
      0.9997842834535651,
      0.9997848394938936,
      0.9997852308775965,
      0.9998045769936162,
      0.9998109845378412,
      0.9998153312074662,
      0.99984734440662,
      0.999833992498233,
      0.9998132408166456,
      0.999797186325746,
      0.9997936956219499,
      0.9997845602044257,
      0.999759803281418,
      0.9997511735140864,
      0.999747297022349,
      0.9997272426181255,
      0.9997448897685497,
      0.9995926992330206
    ],
    "best_J_layer": 25,
    "best_J": 52.15010303717306,
    "best_auroc_bound": 0.99984734440662,
    "best_depth_fraction_fisher": 0.6944444444444444,
    "J_causal_per_layer": [
      38.279657189277245,
      32.67773053307983,
      32.133942083436466,
      32.70714908409846,
      34.29286657658304,
      30.41187621586914,
      28.705634267145204,
      29.297889135761622,
      30.397414704259646,
      30.4784198236621,
      26.21832953047599,
      25.45094337275708,
      27.075448742302978,
      31.212620402322937,
      31.92501751092513,
      31.700713430846164,
      31.83400909991359,
      31.949531671273398,
      33.010231293704116,
      33.24266456879207,
      33.13899141021509,
      34.32110668826066,
      37.09921984592521,
      37.317910025143256,
      36.2784444801448,
      39.132575139200014,
      38.60264175482308,
      35.20255314397968,
      34.50533816147539,
      34.049265879136826,
      33.81865906099209,
      32.27625289091558,
      30.46245090439836,
      27.35411802392186,
      21.99213922302704,
      23.95821781249871,
      28.81830006059319
    ],
    "auroc_bound_causal_per_layer": [
      0.9990110399206941,
      0.9978698884500359,
      0.9977039805689033,
      0.9978785079034297,
      0.998294280356122,
      0.997086386797894,
      0.9963065785628862,
      0.9965989033070825,
      0.9970805385920211,
      0.9971131432820255,
      0.9947692805314274,
      0.9941729145361723,
      0.9953619022035123,
      0.9973922456163193,
      0.9976367909212098,
      0.9975624230517206,
      0.9976068998337154,
      0.9976447772213191,
      0.9979652690667892,
      0.9980293533278167,
      0.9980010272082119,
      0.9983008813390842,
      0.9988383628728464,
      0.998872516787536,
      0.9987005383318811,
      0.9991194053391325,
      0.9990535824067986,
      0.998494374117556,
      0.9983433119583037,
      0.9982362463508446,
      0.9981794582222865,
      0.9977486305260059,
      0.9971067452910641,
      0.9955393876651216,
      0.9904810714685119,
      0.9928045816054156,
      0.9963641016523295
    ],
    "lid_auroc_per_layer": [
      0.9490635,
      0.555647,
      0.550588,
      0.5659350000000001,
      0.568594,
      0.615739,
      0.63866,
      0.671588,
      0.661109,
      0.680744,
      0.68897,
      0.686698,
      0.676442,
      0.6761410000000001,
      0.6646380000000001,
      0.651292,
      0.6436029999999999,
      0.627192,
      0.614005,
      0.599579,
      0.591608,
      0.5652090000000001,
      0.556568,
      0.54484,
      0.5364690000000001,
      0.52086,
      0.521137,
      0.503904,
      0.520574,
      0.525393,
      0.531077,
      0.535517,
      0.522332,
      0.512929,
      0.635382,
      0.628896,
      0.6965110000000001
    ],
    "lid_diff_per_layer": [
      50.28682956062892,
      59.9227869525067,
      62.29433448772207,
      65.19145961929404,
      59.41096197914944,
      76.73580995927016,
      191.74226941108049,
      228.52788170625735,
      194.6759641452845,
      171.47145845510914,
      233.10711409813425,
      191.88344907742038,
      118.44434596577818,
      79.65600029472625,
      47.48168529429044,
      33.495775510125696,
      28.811818533206605,
      20.095517869481117,
      14.306034155730224,
      12.754903428035583,
      11.017693283414083,
      6.98830604559776,
      6.0689130332777275,
      5.012586688879651,
      4.733589303691748,
      3.4637186611865616,
      3.5178694726701387,
      2.3495230771032105,
      0.9816318888041202,
      0.7473985876720803,
      0.5859306542420661,
      3.5825393463793205,
      3.2677735915401342,
      2.6620258703566435,
      2.879061231919625,
      2.5126319639841235,
      7.324484280839826
    ],
    "best_lid_layer": 0,
    "best_lid_auroc": 0.9490635,
    "best_depth_fraction_lid": 0.0,
    "probe_auroc_per_layer": [
      0.973056,
      0.9851529999999998,
      0.985684,
      0.987011,
      0.9867900000000001,
      0.9877750000000001,
      0.987906,
      0.9886860000000001,
      0.987306,
      0.988164,
      0.988507,
      0.986036,
      0.986032,
      0.9876010000000001,
      0.987441,
      0.98612,
      0.987506,
      0.988102,
      0.989827,
      0.9904900000000001,
      0.988584,
      0.9894289999999999,
      0.990181,
      0.9892190000000001,
      0.9898739999999999,
      0.989763,
      0.9898939999999999,
      0.9904390000000001,
      0.989032,
      0.9899169999999999,
      0.989251,
      0.989525,
      0.989478,
      0.990275,
      0.9896100000000001,
      0.990831,
      0.991692
    ],
    "best_probe_auroc": 0.991692,
    "best_probe_layer": 36,
    "best_depth_fraction_probe": 1.0,
    "known_best_auroc": 0.775,
    "bound_error_euclidean": 0.008155344406620024,
    "best_causal_layer": 25,
    "best_causal_J": 39.132575139200014,
    "best_causal_depth_fraction": 0.6944444444444444,
    "causal_fisher_computed": true,
    "causal_vs_euclidean_comparison": {
      "euclidean_best_layer": 25,
      "causal_best_layer": 25,
      "euclidean_best_J": 52.15010303717306,
      "causal_best_J": 39.132575139200014,
      "finding": "Causal Fisher peaks at L25 (depth=0.694), same depth as Euclidean Fisher. J_causal=39.1326 vs J_euclidean~51.9. Causal projection through W_U reduces J because vocabulary space is lower-rank than hidden space."
    }
  },
  "GPT-2 Medium 345M": {
    "model_name": "GPT-2 Medium 345M",
    "n_params": 345000000.0,
    "n_layers": 25,
    "label_source": "rouge",
    "fisher_computed": true,
    "source": "HaluEval Job A",