{
  "Qwen 2.5 3B": {
    "model_name": "Qwen 2.5 3B",
    "n_params": 3000000000.0,
    "n_layers": 37,
    "n_samples": 2000,
    "d": 2048,
    "gamma": 1.024,
    "bbp_threshold": 1.0119288512538813,
    "kl_per_layer": [
      0.9085291571894485,
      1.0666802163132343,
      1.1787777196280822,
      1.3118352750543565,
      1.369770628020781,
      1.3686516461782041,
      1.2092774473739158,
      1.228258312171417,
      1.2149940296632398,
      1.1629810834457437,
      1.1622901791382447,
      1.2272658092005198,
      1.312601445457312,
      1.3377830455180448,
      1.3812580262681022,
      1.3903772340160965,
      1.3445712171504722,
      1.3360056376511542,
      1.3215172333364997,
      1.2874246100084668,
      1.3032887585254243,
      1.2494532985592337,
      1.2720291962991175,
      1.2481330999580547,
      1.2418775685698078,
      1.2291926784443532,
      1.2165537125549268,
      1.1895479858512694,
      1.2264581528615461,
      1.1549796279476798,
      1.1545767954171002,
      1.1144901705617307,
      1.1119602202942642,
      1.1005237676476836,
      1.1263878427803624,
      1.103927323241965,
      1.2015406130920767
    ],
    "n_spikes_per_layer": [
      39,
      825,
      808,
      787,
      773,
      757,
      774,
      788,
      778,
      792,
      799,
      785,
      760,
      757,
      753,
      746,
      712,
      686,
      678,
      659,
      645,
      639,
      628,
      624,
      615,
      599,
      591,
      580,
      572,
      562,
      550,
      552,
      557,
      531,
      497,
      492,
      492
    ],
    "spike_ratio_per_layer": [
      151.89405474209462,
      8213.691572420008,
      5389.1539890533195,
      3624.722755768161,
      2978.0511868595113,
      2077.5198567672574,
      1873.063368990725,
      1574.4557503446706,
      1265.9771674455758,
      1384.3567928145003,
      1353.3168040275946,
      1304.1948619189538,
      1230.174874951241,
      1654.5807855272842,
      2067.8183617526934,
      2584.527188232034,
      2435.8730976266893,
      2415.623293443223,
      2684.5555212916743,
      2343.5778732322287,
      2013.4737310537212,
      2267.5447727781057,
      2172.9429109047937,
      2284.7684717391294,
      2281.127436122882,
      2009.3518188115909,
      1962.6886590876175,
      1771.8818919096975,
      1624.4954430523849,
      1474.8483416197705,
      1220.5534485051792,
      1213.651189622102,
      1004.971627258448,
      847.7505086177734,
      598.0310733301168,
      618.8974178143174,
      1226.1504838143373
    ],
    "best_spectral_layer": 15,
    "best_kl": 1.3903772340160965,
    "best_depth_fraction": 0.4166666666666667,
    "spectral_vs_sw2_agreement": false,
    "spectral_vs_probe_agreement": false,
    "spectral_probe_mismatch_finding": {
      "interpretation": "The spectral phase transition (max KL from Marchenko-Pastur) and probe AUROC peak at different layers. This is not a failure \u2014 it reflects that ESD disorder and linear class separability measure orthogonal properties. ESD KL measures: how far the weight matrix eigenvalue distribution deviates from a random null model. Probe AUROC measures: how well hidden states linearly separate hallucinated vs correct responses. A layer can have high spectral disorder (structured representations) without being the best discriminative layer.",
      "revised_hypothesis": "Rather than predicting AUROC peaks, spectral analysis identifies layers where the model has learned structured (non-random) representations. These structured layers may support hallucination detection through non-linear methods even when linear probes are suboptimal."
    }
  },
  "GPT-2 Medium 345M": {
    "model_name": "GPT-2 Medium 345M",
    "n_params": 345000000.0,
    "n_layers": 25,
    "n_samples": 2000,
    "d": 1024,
    "gamma": 0.512,
    "bbp_threshold": 0.7155417527999327,
    "kl_per_layer": [
      4.904352346850134,
      4.391939024984456,
      4.454499484903437,
      4.162626391424167,
      3.922974821102592,
      3.7412335648907726,
      3.5660233183958505,
      3.4717255856939975,
      3.4168161962769403,
      3.2922863755499256,
      3.1747099271569357,
      3.0316329276340257,
      2.927210343205193,
      2.8831495876424102,
      2.7521626026783266,
      2.6393846984790965,
      2.5695503479260227,
      2.630769656763103,
      2.4992822162073742,
      2.3961428123045727,
      2.1822042297564783,
      2.0352401505364046,
      1.9489522871238458,
      1.872898144853261,
      2.8836132539851516
    ],
    "n_spikes_per_layer": [
      332,
      369,
      371,
      353,
      339,
      327,
      318,
      313,
      311,
      311,
      307,
      305,
      302,
      303,
      302,
      297,
      290,
      289,
      288,
      283,
      274,
      266,
      268,
      263,
      277
    ],
    "spike_ratio_per_layer": [
      332.76643360021825,
      467.32755620308365,
      622.8347287405978,
      503.85706461009806,
      383.7022449098413,
      310.24819256556736,
      292.24348268290396,
      273.79309623717023,
      265.15168539327976,
      289.777210183813,
      286.1156446294162,
      318.42549119674135,
      326.4542614367175,
      342.82347343309505,
      351.28975798712986,
      366.88482009167495,
      348.6826739876633,
      360.2782396271374,
      383.2518424408421,
      386.41594433059083,
      423.4993942523411,
      370.3835155359736,
      546.6099509767506,
      533.4888179765819,
      67663.73727803423
    ],
    "best_spectral_layer": 0,
    "best_kl": 4.904352346850134,
    "best_depth_fraction": 0.0,
    "spectral_vs_sw2_agreement": false,
    "spectral_vs_probe_agreement": false,
    "spectral_probe_mismatch_finding": {
      "interpretation": "The spectral phase transition (max KL from Marchenko-Pastur) and probe AUROC peak at different layers. This is not a failure \u2014 it reflects that ESD disorder and linear class separability measure orthogonal properties. ESD KL measures: how far the weight matrix eigenvalue distribution deviates from a random null model. Probe AUROC measures: how well hidden states linearly separate hallucinated vs correct responses. A layer can have high spectral disorder (structured representations) without being the best discriminative layer.",
      "revised_hypothesis": "Rather than predicting AUROC peaks, spectral analysis identifies layers where the model has learned structured (non-random) representations. These structured layers may support hallucination detection through non-linear methods even when linear probes are suboptimal."
    }
  },
  "Mamba-2 130M": {
    "model_name": "Mamba-2 130M",
    "n_params": 130000000.0,
    "n_layers": 25,
    "n_samples": 400,
    "d": 768,
    "gamma": 1.92,
    "bbp_threshold": 1.3856406460551018,
    "kl_per_layer": [
      1.471628166243326,
      1.5310615222541266,
      1.4581136691460952,
      1.2754756870212272,
      1.414668058395609,
      1.307759163361343,
      1.2836841612766612,
      1.1527083113495427,
      1.1767712375549417,
      1.3067719897963812,
      1.0773242227150785,
      1.1358298643662543,
      1.1140696692666416,
      1.0694421267213834,
      0.9966459859339172,
      0.9947729942433424,
      1.0270140790785918,
      0.9587555042674784,
      0.9328609547466464,
      0.8080546638771866,
      0.9687589362376822,
      0.8590537882752173,
      0.8078141240982902,
      0.7313532281299701,
      1.1005675268671584
    ],
    "n_spikes_per_layer": [
      101,
      118,
      107,
      98,
      95,
      90,
      89,
      86,
      88,
      87,
      92,
      88,
      88,
      87,
      94,
      89,
      89,
      87,
      91,
      85,
      82,
      82,
      84,
      93,
      95
    ],