{
  "Qwen 2.5 3B": {
    "model_name": "Qwen 2.5 3B",
    "n_samples": 2000,
    "best_layer": 36,
    "alpha": 0.1,
    "delta": 0.05,
    "harp_alpha_star": 0.15,
    "split_conformal": {
      "tau": 0.9992593363052013,
      "n_cal": 1000,
      "empirical_hall_rate": 0.10752688172043011,
      "acceptance_rate": 0.558,
      "guarantee_holds": false,
      "alpha_requested": 0.1,
      "alpha_star": 0.06999999999999999,
      "correction_note": "alpha=0.10 claim is incorrect. Use alpha* above for valid guarantee."
    },
    "mondrian": {
      "Epistemic (uncertain + hallucinated)": {
        "tau": NaN,
        "empirical_hall_rate": NaN,
        "n_cal": 1,
        "guarantee_holds": false
      },
      "Aleatoric (uncertain + correct)": {
        "tau": 0.5024693406403449,
        "empirical_hall_rate": 0.0,
        "n_cal": 5,
        "guarantee_holds": true
      },
      "Confident hallucination": {
        "tau": 0.9999996778343846,
        "empirical_hall_rate": 1.0,
        "n_cal": 497,
        "guarantee_holds": false
      },
      "Confident correct": {
        "tau": 0.004041060368813021,
        "empirical_hall_rate": 0.0,
        "n_cal": 497,
        "guarantee_holds": true
      }
    },
    "coverage_alpha_curve": {
      "alphas": [
        0.01,
        0.02,
        0.03,
        0.04,
        0.05,
        0.060000000000000005,
        0.06999999999999999,
        0.08,
        0.09,
        0.09999999999999999,
        0.11,
        0.12,
        0.13,
        0.14,
        0.15000000000000002,
        0.16,
        0.17,
        0.18000000000000002,
        0.19,
        0.2,
        0.21000000000000002,
        0.22,
        0.23,
        0.24000000000000002,
        0.25,
        0.26,
        0.27,
        0.28,
        0.29000000000000004,
        0.3,
        0.31,
        0.32,
        0.33,
        0.34,
        0.35000000000000003,
        0.36000000000000004,
        0.37,
        0.38,
        0.39,
        0.4
      ],
      "tau_curve": [
        1.8396003140797035e-06,
        0.00018710286928447228,
        0.04236818065898862,
        0.7441622430333326,
        0.9773207164838144,
        0.9895274290210836,
        0.9970511845194187,
        0.9987258966051453,
        0.9990913328442843,
        0.9992593363052013,
        0.9995214586243621,
        0.9996272258397355,
        0.9997291572628049,
        0.9997828722940125,
        0.9998311293552885,
        0.9998488310212656,
        0.9998630972125303,
        0.9998815248914693,
        0.9998932638872157,
        0.9999085053584001,
        0.9999297880780291,
        0.9999385023424362,
        0.9999434408581594,
        0.9999550205120481,
        0.9999613642737099,
        0.9999637527078922,
        0.9999681297796083,
        0.9999720661280838,
        0.9999752491027007,
        0.9999789462866526,
        0.9999816092816978,
        0.9999837493745899,
        0.999985619198235,
        0.9999881328929714,
        0.999990451910282,
        0.9999921985051957,
        0.9999933871054536,
        0.9999945760238552,
        0.9999954135309079,
        0.9999963530618666
      ],
      "hall_rate_curve": [
        0.006756756756756757,
        0.005291005291005291,
        0.020491803278688523,
        0.02976190476190476,
        0.04448742746615087,
        0.046153846153846156,
        0.06049149338374291,
        0.0847145488029466,
        0.09963768115942029,
        0.10752688172043011,
        0.11702127659574468,
        0.12937062937062938,
        0.1457975986277873,
        0.15878378378378377,
        0.1686143572621035,
        0.1782178217821782,
        0.18092105263157895,
        0.1902439024390244,
        0.1941747572815534,
        0.20447284345047922,
        0.22308892355694226,
        0.2302936630602782,
        0.23736600306278713,
        0.2511278195488722,
        0.26440177252584934,
        0.26548672566371684,
        0.2697947214076246,
        0.2772133526850508,
        0.2855093256814921,
        0.29957805907172996,
        0.30737134909596664,
        0.3149931224209078,
        0.3224489795918367,
        0.3395225464190981,
        0.35575679172056923,
        0.3680203045685279,
        0.3743718592964824,
        0.38442521631644005,
        0.3934226552984166,
        0.40572792362768495
      ],
      "accept_rate_curve": [
        0.148,
        0.378,
        0.488,
        0.504,
        0.517,
        0.52,
        0.529,
        0.543,
        0.552,
        0.558,
        0.564,
        0.572,
        0.583,
        0.592,
        0.599,
        0.606,
        0.608,
        0.615,
        0.618,
        0.626,
        0.641,
        0.647,
        0.653,
        0.665,
        0.677,
        0.678,
        0.682,
        0.689,
        0.697,
        0.711,
        0.719,
        0.727,
        0.735,
        0.754,
        0.773,
        0.788,
        0.796,
        0.809,
        0.821,
        0.838
      ]
    },
    "ood_halueval": {
      "iid_hall_rate": 0.10323159784560143,
      "ood_hall_rate": 0.5002501250625313,
      "iid_acceptance_rate": 0.557,
      "ood_acceptance_rate": 0.9995,
      "iid_holds": false,
      "ood_holds": false,
      "degradation": 0.3970185272169299,
      "shift_strength": 0.3,
      "alpha": 0.1,
      "tau": 0.9992593363052013,
      "note": "SIMULATED shift \u2014 not real HaluEval data"
    },
    "ood_note": "Simulated distribution shift (HaluEval not extracted yet)",
    "alpha_star": {
      "value": 0.06999999999999999,
      "empirical_hall_rate_at_alpha_star": 0.06049149338374291,
      "acceptance_rate_at_alpha_star": 0.529,
      "interpretation": "The guarantee P(hallucination | accepted) <= alpha holds at alpha*=0.070 (empirical rate=0.0605, acceptance rate=52.9%). The originally claimed alpha=0.10 does NOT hold for this model."
    },
    "real_ood_truthfulqa": {
      "dataset": "TruthfulQA (400 questions, Qwen 2.5 3B responses)",
      "n_samples": 400,
      "n_correct": 7,
      "hall_rate": 0.9825,
      "probe_layer": 25,
      "ood_auroc": 0.4849145765176299,
      "real_ood_hall_rate_among_accepted": 0.9824120603015075,
      "note": "Real OOD test using TruthfulQA \u2014 different question distribution from HaluEval training data. hall_rate=0.983 (only 7/400 correct) reflects that Qwen 3B struggles on TruthfulQA without instruction tuning context. AUROC undefined if single-class. Conformal guarantee tested at alpha*=0.07.",
      "replaced_synthetic_shift": true
    }
  },
  "GPT-2 Medium 345M": {
    "model_name": "GPT-2 Medium 345M",
    "n_samples": 2000,
    "best_layer": 8,
    "alpha": 0.1,
    "delta": 0.05,
    "harp_alpha_star": 0.15,
    "split_conformal": {
      "tau": 0.9990533386962767,
      "n_cal": 1000,
      "empirical_hall_rate": 0.11858407079646018,
      "acceptance_rate": 0.565,
      "guarantee_holds": false,
      "alpha_requested": 0.1,
      "alpha_star": 0.060000000000000005,
      "correction_note": "alpha=0.10 claim is incorrect. Use alpha* above for valid guarantee."
    },
    "mondrian": {
      "Epistemic (uncertain + hallucinated)": {
        "tau": NaN,
        "empirical_hall_rate": NaN,
        "n_cal": 0,
        "guarantee_holds": false
      },
      "Aleatoric (uncertain + correct)": {
        "tau": 0.6644877378218095,
        "empirical_hall_rate": 0.0,
        "n_cal": 8,
        "guarantee_holds": true
      },
      "Confident hallucination": {
        "tau": 0.9999983324041627,
        "empirical_hall_rate": 1.0,
        "n_cal": 498,
        "guarantee_holds": false
      },
      "Confident correct": {
        "tau": 0.006741658756359015,
        "empirical_hall_rate": 0.0,
        "n_cal": 494,
        "guarantee_holds": true
      }
    },