{
  "Qwen 2.5 3B": {
    "model_name": "Qwen 2.5 3B",
    "n_samples": 2000,
    "n_layers": 37,
    "d": 2048,
    "fisher_bound_per_layer": [
      0.9996096296516916,
      0.9996787777868184,
      0.9996856188144554,
      0.9997260196845884,
      0.9997706159291565,
      0.9997951383621615,
      0.9997689854705362,
      0.9997777644774479,
      0.9997556388275465,
      0.9997326149498428,
      0.9997068302937405,
      0.9997112965805273,
      0.9996976805579303,
      0.9997495143699264,
      0.9997629426894215,
      0.9997686968572079,
      0.9997563613724786,
      0.9997734615707968,
      0.9997746183790412,
      0.9997802832458933,
      0.9997833297148614,
      0.9997876197743322,
      0.9997987183494936,
      0.9998081956593527,
      0.9998192881829635,
      0.9998422621558556,
      0.9998411002843801,
      0.999809138217843,
      0.9997990499337684,
      0.9997914425784858,
      0.9997768849987009,
      0.9997570933130551,
      0.9997609711876092,
      0.9997428615069346,
      0.9997218001110011,
      0.9997487625450734,
      0.9996051309466264
    ],
    "linear_auroc_per_layer": [
      0.976637,
      0.9814289999999999,
      0.9803465,
      0.9818254999999999,
      0.984279,
      0.9849600000000001,
      0.985804,
      0.9844105000000001,
      0.986617,
      0.986554,
      0.987319,
      0.986056,
      0.984552,
      0.9863395,
      0.986902,
      0.985928,
      0.9865700000000001,
      0.9873390000000001,
      0.986563,
      0.9886645,
      0.9882455,
      0.9881085000000001,
      0.990277,
      0.9880285,
      0.98899,
      0.9880085,
      0.9899445,
      0.9881005,
      0.9870485,
      0.9875280000000001,
      0.9877105000000002,
      0.988048,
      0.987086,
      0.987924,
      0.9885139999999999,
      0.9877640000000001,
      0.9871985
    ],
    "mlp_auroc_per_layer": [
      0.9774980000000002,
      0.9842339999999999,
      0.9859125000000001,
      0.9873820000000001,
      0.9868515,
      0.9826235,
      0.983209,
      0.98732,
      0.988457,
      0.9883270000000001,
      0.9854700000000001,
      0.9851655,
      0.9874339999999999,
      0.9859880000000001,
      0.985069,
      0.9883035,
      0.986719,
      0.988259,
      0.987452,
      0.986976,
      0.9912299999999999,
      0.988556,
      0.9875645,
      0.98507,
      0.9882110000000001,
      0.98664,
      0.989464,
      0.9895370000000001,
      0.9871719999999999,
      0.985741,
      0.989989,
      0.9886130000000001,
      0.9864600000000001,
      0.9894784999999999,
      0.986649,
      0.9865849999999999,
      0.988669
    ],
    "best_fisher_bound": 0.9998422621558556,
    "best_linear_auroc": 0.990277,
    "best_linear_layer": 22,
    "best_mlp_auroc": 0.9912299999999999,
    "best_mlp_layer": 20,
    "n_layers_mlp_beats_linear": 21,
    "mlp_win_layers": [
      0,
      1,
      2,
      3,
      4,
      7,
      8,
      9,
      12,
      15,
      16,
      17,
      18,
      20,
      21,
      27,
      28,
      30,
      31,
      33,
      36
    ],
    "mlp_gain_at_best_layer": 0.0009529999999999816,
    "n_layers_mlp_exceeds_bound": 0,
    "mlp_exceeds_bound_layers": [],
    "fisher_bound_holds_for_mlp": true,
    "mean_bound_gap_linear": 0.0133339497116634,
    "mean_bound_gap_mlp": 0.012883692954906639,
    "bound_gap_reduction_mlp": 0.000450256756756761
  },
  "GPT-2 Medium": {
    "model_name": "GPT-2 Medium",
    "n_samples": 2000,
    "n_layers": 25,
    "d": 1024,
    "fisher_bound_per_layer": [
      0.9996711627990881,
      0.9993702250056508,
      0.9994990857760305,
      0.9995837445323349,
      0.999645099268526,
      0.9997193898342788,
      0.9997226974652759,
      0.9997344026490717,
      0.9997393918542139,
      0.9997507499469734,
      0.9997678113785611,
      0.9997606956108697,
      0.999750304194599,
      0.9997383860975557,
      0.9997381718374135,
      0.9997442643106956,
      0.9997538476408702,
      0.9997616200983472,
      0.9997700607592407,
      0.9997739316684067,
      0.9997580966356922,
      0.9997328800530048,
      0.9997052452107891,
      0.9996862065971184,
      0.9994539441888648
    ],
    "linear_auroc_per_layer": [
      0.97969,
      0.9740335000000001,
      0.979044,
      0.9793185,
      0.9773805000000001,
      0.9813344999999999,
      0.9829825,
      0.9854655,
      0.98592,
      0.9855740000000001,
      0.9852695,
      0.9855759999999999,
      0.9849995,
      0.9836685000000001,
      0.9836545,
      0.9845295000000001,
      0.985058,
      0.9839289999999999,
      0.9847640000000001,
      0.983972,
      0.9836920000000001,
      0.9824600000000001,
      0.982183,
      0.984184,
      0.9842350000000001
    ],
    "mlp_auroc_per_layer": [
      0.9766634999999999,
      0.9790139999999999,
      0.976388,
      0.983201,
      0.9826105,
      0.9830220000000001,
      0.9823419999999999,
      0.983145,
      0.9839795,
      0.981698,
      0.983733,
      0.9859575,
      0.982545,
      0.983259,
      0.98155,
      0.9835059999999999,
      0.982461,
      0.984231,
      0.98426,
      0.986639,
      0.9834490000000001,
      0.981161,
      0.9847070000000001,
      0.984918,
      0.984778
    ],
    "best_fisher_bound": 0.9997739316684067,
    "best_linear_auroc": 0.98592,
    "best_linear_layer": 8,
    "best_mlp_auroc": 0.986639,
    "best_mlp_layer": 19,
    "n_layers_mlp_beats_linear": 10,
    "mlp_win_layers": [
      1,
      3,
      4,
      5,
      11,
      17,
      19,
      22,
      23,
      24
    ],
    "mlp_gain_at_best_layer": 0.0007190000000000252,
    "n_layers_mlp_exceeds_bound": 0,
    "mlp_exceeds_bound_layers": [],
    "fisher_bound_holds_for_mlp": true,
    "mean_bound_gap_linear": 0.016776556616538877,
    "mean_bound_gap_mlp": 0.01692453661653889,
    "bound_gap_reduction_mlp": -0.00014798000000001282
  }
}