{
  "Qwen 2.5 3B": {
    "best_layer": 36,
    "best_auroc_point": 0.991692,
    "bootstrap_ci_95": {
      "mean": 0.9971165065,
      "ci_lower": 0.994822975,
      "ci_upper": 0.998929,
      "n_bootstrap": 2000,
      "ci_level": 0.95
    },
    "auroc_per_layer": [
      0.973056,
      0.9851529999999998,
      0.985684,
      0.987011,
      0.9867900000000001,
      0.9877750000000001,
      0.987906,
      0.9886860000000001,
      0.987306,
      0.988164,
      0.988507,
      0.986036,
      0.986032,
      0.9876010000000001,
      0.987441,
      0.98612,
      0.987506,
      0.988102,
      0.989827,
      0.9904900000000001,
      0.988584,
      0.9894289999999999,
      0.990181,
      0.9892190000000001,
      0.9898739999999999,
      0.989763,
      0.9898939999999999,
      0.9904390000000001,
      0.989032,
      0.9899169999999999,
      0.989251,
      0.989525,
      0.989478,
      0.990275,
      0.9896100000000001,
      0.990831,
      0.991692
    ]
  },
  "GPT-2 Medium 345M": {
    "best_layer": 8,
    "best_auroc_point": 0.988679,
    "bootstrap_ci_95": {
      "mean": 0.9960485189999999,
      "ci_lower": 0.9935769,
      "ci_upper": 0.9982740249999998,
      "n_bootstrap": 2000,
      "ci_level": 0.95
    },
    "auroc_per_layer": [
      0.9795254999999999,
      0.9822219999999999,
      0.983879,
      0.987667,
      0.9863970000000001,
      0.986466,
      0.987254,
      0.9872700000000001,
      0.988679,
      0.9882340000000001,
      0.987343,
      0.9869669999999999,
      0.987097,
      0.987278,
      0.986343,
      0.985264,
      0.98522,
      0.985488,
      0.985362,
      0.9855049999999999,
      0.985043,
      0.984481,
      0.984222,
      0.984792,
      0.984536
    ]
  }
}