{
  "model": "Qwen 2.5 3B",
  "n_samples": 2000,
  "n_layers": 37,
  "J_causal_per_layer": [
    38.279657189277245,
    32.67773053307983,
    32.133942083436466,
    32.70714908409846,
    34.29286657658304,
    30.41187621586914,
    28.705634267145204,
    29.297889135761622,
    30.397414704259646,
    30.4784198236621,
    26.21832953047599,
    25.45094337275708,
    27.075448742302978,
    31.212620402322937,
    31.92501751092513,
    31.700713430846164,
    31.83400909991359,
    31.949531671273398,
    33.010231293704116,
    33.24266456879207,
    33.13899141021509,
    34.32110668826066,
    37.09921984592521,
    37.317910025143256,
    36.2784444801448,
    39.132575139200014,
    38.60264175482308,
    35.20255314397968,
    34.50533816147539,
    34.049265879136826,
    33.81865906099209,
    32.27625289091558,
    30.46245090439836,
    27.35411802392186,
    21.99213922302704,
    23.95821781249871,
    28.81830006059319
  ],
  "auroc_bound_causal_per_layer": [
    0.9990110399206941,
    0.9978698884500359,
    0.9977039805689033,
    0.9978785079034297,
    0.998294280356122,
    0.997086386797894,
    0.9963065785628862,
    0.9965989033070825,
    0.9970805385920211,
    0.9971131432820255,
    0.9947692805314274,
    0.9941729145361723,
    0.9953619022035123,
    0.9973922456163193,
    0.9976367909212098,
    0.9975624230517206,
    0.9976068998337154,
    0.9976447772213191,
    0.9979652690667892,
    0.9980293533278167,
    0.9980010272082119,
    0.9983008813390842,
    0.9988383628728464,
    0.998872516787536,
    0.9987005383318811,
    0.9991194053391325,
    0.9990535824067986,
    0.998494374117556,
    0.9983433119583037,
    0.9982362463508446,
    0.9981794582222865,
    0.9977486305260059,
    0.9971067452910641,
    0.9955393876651216,
    0.9904810714685119,
    0.9928045816054156,
    0.9963641016523295
  ],
  "best_causal_layer": 25,
  "best_causal_J": 39.132575139200014,
  "best_causal_depth_fraction": 0.6944444444444444,
  "W_U_shape": [
    151936,
    2048
  ],
  "note": "Causal Fisher projects hidden states via unembedding W_U PCA subspace before Fisher ratio"
}